,City,Country,Lat,Lng,Max Temp,Humidity,Cloudiness,Wind Speed,Current Description
0,Tahta,EG,26.7693,31.5021,67.21,12,0,6.51,clear sky
1,Uray,RU,60.1247,64.7758,32.36,97,100,12.59,light snow
2,Warah,PK,27.4481,67.7978,86.18,15,0,6.87,clear sky
3,Chuy,UY,-33.6971,-53.4616,76.69,44,0,8.79,clear sky
4,Sindor,RU,62.8629,51.8905,4.17,98,78,4.21,broken clouds
5,Cape Town,ZA,-33.9258,18.4232,67.26,64,20,13.8,few clouds
6,Porto Nacional,BR,-10.7081,-48.4172,75.2,69,74,3.42,heavy intensity rain
7,Tura,IN,25.5198,90.2201,71.29,51,4,4.61,clear sky
8,Georgetown,MY,5.4112,100.3354,83.95,87,40,2.3,scattered clouds
9,Dakar,SN,14.6937,-17.4441,76.08,83,0,18.41,clear sky
10,Mataura,NZ,-46.1927,168.8643,55.54,97,100,0.89,overcast clouds
11,Kodiak,US,57.79,-152.4072,36.91,100,100,10.36,light rain
12,Beringovskiy,RU,63.05,179.3167,-7.15,96,100,4.54,overcast clouds
13,Barrow,US,71.2906,-156.7887,-2.18,71,0,19.57,haze
14,Mount Abu,IN,24.6,72.7,69.3,16,0,6.78,clear sky
15,Iquitos,PE,-3.7481,-73.2472,82.44,78,75,3.44,broken clouds
16,Buba,GW,11.5833,-15.0,96.24,13,9,6.69,clear sky
17,Kruisfontein,ZA,-34.0033,24.7314,70.88,74,100,11.97,overcast clouds
18,Giresun,TR,40.5,38.5,12.09,77,0,2.8,clear sky
19,Saskylakh,RU,71.9167,114.0833,0.36,95,100,11.77,overcast clouds
20,Vaini,TO,-21.2,-175.2,77.16,94,75,10.36,broken clouds
21,Kapaa,US,22.0752,-159.319,75.47,81,40,4.61,scattered clouds
22,Ust-Tsilma,RU,65.441,52.1498,13.98,97,100,3.89,overcast clouds
23,Hearst,CA,49.6835,-83.6665,14.25,71,100,10.0,overcast clouds
24,Victoria,HK,22.2855,114.1577,65.25,86,99,8.99,overcast clouds
25,Hambantota,LK,6.1241,81.1185,77.34,100,40,2.3,scattered clouds
26,Iskateley,RU,67.6803,53.1512,-1.21,100,95,5.03,overcast clouds
27,Rikitea,PF,-23.1203,-134.9692,77.86,72,17,6.93,few clouds
28,Tiksi,RU,71.6872,128.8694,-17.05,100,88,5.26,overcast clouds
29,Castro,BR,-24.7911,-50.0119,78.12,56,19,2.17,few clouds
30,Ushuaia,AR,-54.8,-68.3,47.86,61,40,14.97,scattered clouds
31,Bluff,NZ,-46.6,168.3333,59.5,81,100,4.29,overcast clouds
32,Cabo San Lucas,MX,22.8909,-109.9124,87.1,54,1,1.99,clear sky
33,Kaitangata,NZ,-46.2817,169.8464,55.2,96,100,0.81,overcast clouds
34,Bahia Blanca,AR,-38.7196,-62.2724,81.57,45,0,17.11,clear sky
35,Hobart,AU,-42.8794,147.3294,57.25,81,100,4.61,overcast clouds
36,Atuona,PF,-9.8,-139.0333,79.02,77,100,16.58,overcast clouds
37,Yellowknife,CA,62.456,-114.3525,17.42,76,75,3.44,light snow
38,Alekseyevka,RU,50.6309,38.6903,38.59,64,100,24.25,overcast clouds
39,Saint George,US,37.1041,-113.5841,72.19,26,20,10.0,few clouds
40,Mormugao,IN,15.4,73.8,83.46,79,40,6.91,scattered clouds
41,Ketchikan,US,55.3422,-131.6461,41.47,81,0,3.44,clear sky
42,Ribeira Grande,PT,38.5167,-28.7,63.0,77,20,10.36,few clouds
43,Tasiilaq,GL,65.6145,-37.6368,26.76,84,100,4.09,overcast clouds
44,Beloha,MG,-25.1667,45.05,70.65,70,21,12.57,few clouds
45,Oussouye,SN,12.485,-16.5469,96.98,46,22,15.84,few clouds
46,Sinnamary,GF,5.3833,-52.95,80.28,75,99,12.8,overcast clouds
47,Manyana,BW,-23.4,21.7167,72.93,43,0,6.76,clear sky
48,Brae,GB,60.3964,-1.353,40.12,64,100,9.01,overcast clouds
49,Hasaki,JP,35.7333,140.8333,48.6,54,100,13.35,overcast clouds
50,Punta Arenas,CL,-53.15,-70.9167,48.22,81,100,6.91,shower rain
51,Kandi,BJ,11.1342,2.9386,89.22,7,9,5.61,clear sky
52,Kieta,PG,-6.2167,155.6333,78.89,86,97,4.74,moderate rain
53,Kargopol,RU,61.5071,38.9456,18.73,92,100,8.16,overcast clouds
54,San Cristobal,VE,7.7669,-72.225,75.38,43,100,7.45,overcast clouds
55,San Patricio,US,28.017,-97.5169,85.15,46,3,20.09,clear sky
56,Khandyga,RU,62.6667,135.6,-7.02,97,93,3.0,overcast clouds
57,Sabzevar,IR,36.2126,57.6819,52.88,28,0,20.71,clear sky
58,East London,ZA,-33.0153,27.9116,83.34,65,0,5.75,clear sky
59,Lavrentiya,RU,65.5833,-171.0,-1.53,92,33,4.59,scattered clouds
60,Busselton,AU,-33.65,115.3333,63.09,78,100,14.85,overcast clouds
61,Butaritari,KI,3.0707,172.7902,80.87,71,48,12.71,scattered clouds
62,Port Elizabeth,ZA,-33.918,25.5701,73.69,63,0,18.41,clear sky
63,Pakxe,LA,15.1167,105.7833,72.88,92,50,1.83,scattered clouds
64,Kaitong,CN,44.8135,123.15,46.53,38,100,28.19,light rain
65,Chilca,PE,-12.5211,-76.7372,72.82,78,16,9.06,few clouds
66,Kajaani,FI,64.2273,27.7285,17.65,53,0,4.61,clear sky
67,Viedma,AR,-40.8135,-62.9967,81.34,21,7,19.53,clear sky
68,Bambous Virieux,MU,-20.3428,57.7575,79.05,83,40,1.14,scattered clouds
69,Krasnyy Chikoy,RU,50.3643,108.7512,7.32,95,12,2.1,few clouds
70,Khatanga,RU,71.9667,102.5,-3.14,98,100,11.77,light snow
71,Guatavita,CO,4.9366,-73.8331,62.31,70,100,4.32,overcast clouds
72,Esperance,AU,-33.8667,121.9,62.44,79,98,10.07,overcast clouds
73,Maniitsoq,GL,65.4167,-52.9,31.48,78,2,4.52,clear sky
74,Baker City,US,44.7749,-117.8344,51.6,85,0,6.91,clear sky
75,Severo-Kurilsk,RU,50.6789,156.125,28.45,88,99,42.12,light snow
76,Chapais,CA,49.7834,-74.8492,8.38,79,100,12.19,overcast clouds
77,Albany,US,42.6001,-73.9662,25.03,42,100,4.0,overcast clouds
78,Bredasdorp,ZA,-34.5322,20.0403,69.24,57,100,4.07,overcast clouds
79,Elizabeth City,US,36.2946,-76.2511,55.42,32,20,14.97,few clouds
80,Upernavik,GL,72.7868,-56.1549,25.02,71,100,5.57,overcast clouds
81,Port Lincoln,AU,-34.7333,135.8667,61.72,88,21,4.76,few clouds
82,Knin,HR,44.0439,16.2,52.12,76,99,1.19,overcast clouds
83,Bilma,NE,18.6853,12.9164,77.32,6,0,5.53,clear sky
84,Bengkulu,ID,-3.8004,102.2655,74.34,84,4,6.42,clear sky
85,Hegang,CN,47.4,130.3667,33.31,75,100,8.75,overcast clouds
86,Krasnoselkup,RU,65.7,82.4667,17.6,93,100,11.74,overcast clouds
87,Yining,CN,29.0361,114.5636,52.25,95,1,3.31,clear sky
88,La Ronge,CA,55.1001,-105.2842,21.42,63,100,11.5,overcast clouds
89,Miguel Hidalgo,MX,19.4225,-99.2028,76.42,17,40,6.91,scattered clouds
90,Alice Springs,AU,-23.7,133.8833,69.22,32,0,4.61,clear sky
91,Arraial Do Cabo,BR,-22.9661,-42.0278,82.36,78,40,11.5,scattered clouds
92,Ancud,CL,-41.8697,-73.8203,53.22,76,68,16.46,light rain
93,Nikolskoye,RU,59.7035,30.7861,28.71,90,55,9.44,broken clouds
94,Hofn,IS,64.2539,-15.2082,28.42,86,100,4.61,mist
95,Te Anau,NZ,-45.4167,167.7167,52.16,94,99,0.87,overcast clouds
96,Coronado,US,32.6859,-117.1831,69.44,61,75,24.16,broken clouds
97,Paraiso,CR,9.8383,-83.8656,86.16,45,100,5.68,overcast clouds
98,Larsnes,NO,62.2028,5.5773,40.44,80,78,11.25,broken clouds
99,Ayan,RU,56.45,138.1667,6.96,83,25,5.19,scattered clouds
100,Lata,PT,40.1629,-8.3327,59.47,62,100,5.12,overcast clouds
101,Thompson,CA,55.7435,-97.8558,17.76,53,100,5.75,overcast clouds
102,Seymchan,RU,62.8833,152.4333,-3.46,93,100,5.57,overcast clouds
103,Domoni,KM,-12.2569,44.5319,80.15,84,96,1.03,light rain
104,Solnechnyy,RU,50.7214,136.6319,17.76,91,31,5.01,scattered clouds
105,Ilulissat,GL,69.2167,-51.1,34.92,74,10,7.25,clear sky
106,Dikson,RU,73.5069,80.5464,-15.21,100,90,3.96,overcast clouds
107,Alekseyevsk,RU,57.8406,108.3492,10.02,98,100,3.98,overcast clouds
108,Pitimbu,BR,-7.4706,-34.8086,86.59,71,15,11.5,few clouds
109,Hermanus,ZA,-34.4187,19.2345,63.81,69,97,12.03,overcast clouds
110,Port Hedland,AU,-20.3167,118.5667,80.65,83,100,6.91,overcast clouds
111,Laguna,US,38.421,-121.4238,58.14,83,100,5.99,overcast clouds
112,Nishihara,JP,26.1842,127.7558,65.48,97,100,11.5,mist
113,Kahului,US,20.8947,-156.47,77.85,58,0,8.01,clear sky
114,Hithadhoo,MV,-0.6,73.0833,81.7,64,60,5.12,broken clouds
115,Isabela,PH,6.7085,121.9711,78.85,84,100,4.25,overcast clouds
116,New Norfolk,AU,-42.7826,147.0587,56.91,73,97,1.32,overcast clouds
117,Saint-Philippe,RE,-21.3585,55.7679,78.39,79,48,3.44,scattered clouds
118,Barinitas,VE,8.7622,-70.4111,88.38,43,100,5.08,overcast clouds
119,Yei,SS,4.095,30.6779,72.07,70,97,4.88,overcast clouds
120,Guerrero Negro,MX,27.9769,-114.0611,69.24,47,100,9.06,overcast clouds
121,Haines Junction,CA,60.7522,-137.5108,26.55,59,100,0.0,overcast clouds
122,Mount Darwin,ZW,-16.7725,31.5838,66.83,88,10,7.34,clear sky
123,Hilo,US,19.7297,-155.09,76.62,72,75,5.99,broken clouds
124,Codrington,AU,-38.2667,141.9667,60.04,70,96,6.46,overcast clouds
125,Eureka,US,40.8021,-124.1637,58.68,78,100,3.6,overcast clouds
126,Jamestown,US,42.097,-79.2353,18.72,61,100,23.02,overcast clouds
127,Van,TR,38.4924,43.3831,36.75,52,20,9.22,few clouds
128,Sibu,MY,2.3,111.8167,75.51,100,40,0.0,scattered clouds
129,Antalaha,MG,-14.9003,50.2788,75.2,89,51,2.91,broken clouds
130,Ternate,ID,0.8,127.4,80.08,81,100,5.77,overcast clouds
131,Saint-Francois,FR,46.4154,3.9054,58.44,44,0,9.22,clear sky
132,Salalah,OM,17.0151,54.0924,80.69,57,0,2.3,clear sky
133,Priargunsk,RU,50.3691,119.1012,18.36,57,0,7.29,clear sky
134,Channel-Port Aux Basques,CA,47.5702,-59.1367,36.81,93,99,11.79,overcast clouds
135,Vila Franca Do Campo,PT,37.7167,-25.4333,63.01,77,0,8.86,clear sky
136,Kanniyakumari,IN,8.0833,77.5667,82.08,79,3,9.55,clear sky
137,Port Alfred,ZA,-33.5906,26.891,84.18,46,87,1.01,overcast clouds
138,Yushala,RU,57.0761,64.2601,32.18,97,100,9.26,light snow
139,Sao Joao Da Barra,BR,-21.6403,-41.0511,89.69,79,50,11.54,scattered clouds
140,Finschhafen,PG,-6.6024,147.8681,79.2,85,100,9.01,light rain
141,Tuktoyaktuk,CA,69.4541,-133.0374,-14.8,76,0,10.36,clear sky
142,Tateyama,JP,34.9833,139.8667,53.1,67,100,12.93,overcast clouds
143,Sitka,US,57.0531,-135.33,40.89,70,100,0.0,overcast clouds
144,Deputatskiy,RU,69.3,139.9,-15.72,96,61,2.53,broken clouds
145,Sheboygan,US,43.7333,-87.9334,32.38,39,0,9.22,clear sky
146,Ribnitz-Damgarten,DE,54.25,12.4667,47.1,81,5,16.78,clear sky
147,Kununurra,AU,-15.7667,128.7333,75.18,94,100,3.44,overcast clouds
148,Namibe,AO,-15.1961,12.1522,72.41,70,12,11.25,few clouds
149,Tygda,RU,53.1167,126.3333,18.95,81,44,10.54,scattered clouds
150,Coquimbo,CL,-29.9533,-71.3436,67.15,69,0,8.84,clear sky
151,Puerto Ayora,EC,-0.7393,-90.3518,85.96,72,100,12.41,overcast clouds
152,Natal,BR,-5.795,-35.2094,86.65,70,20,14.97,few clouds
153,Cascais,PT,38.6979,-9.4215,69.66,52,0,11.5,clear sky
154,Kharp,RU,66.8014,65.8081,25.09,97,100,7.18,light snow
155,Samarai,PG,-10.6167,150.6667,81.01,79,100,7.83,overcast clouds
156,Novoagansk,RU,61.9449,76.6625,22.75,93,100,11.72,overcast clouds
157,Los Llanos De Aridane,ES,28.6585,-17.9182,64.15,91,40,11.5,scattered clouds
158,Phalodi,IN,27.1333,72.3667,83.71,15,0,12.91,clear sky
159,Veraval,IN,20.9,70.3667,79.05,71,0,9.62,clear sky
160,Pevek,RU,69.7008,170.3133,-21.96,94,26,3.22,scattered clouds
161,Dicabisagan,PH,17.0818,122.4157,76.55,89,8,3.02,clear sky
162,Araouane,ML,18.9048,-3.5265,92.41,8,12,9.73,few clouds
163,Lalin,ES,42.7167,-8.1167,59.05,91,100,2.28,overcast clouds
164,Grand Gaube,MU,-20.0064,57.6608,79.2,79,21,1.01,few clouds
165,Imbituba,BR,-28.24,-48.6703,75.94,67,48,7.78,scattered clouds
166,Casper,US,42.8666,-106.3131,73.72,15,0,21.85,clear sky
167,Raga,SS,8.4596,25.678,80.87,13,90,4.97,overcast clouds
168,Altea,ES,38.5989,-0.0514,60.39,75,100,5.01,overcast clouds
169,Kungurtug,RU,50.5994,97.5228,9.9,97,98,1.86,overcast clouds
170,Macau,MO,22.2006,113.5461,64.2,94,40,10.36,scattered clouds
171,Okhotsk,RU,59.3833,143.3,-1.62,72,0,14.16,clear sky
172,Aykhal,RU,66.0,111.5,-5.12,100,100,4.85,overcast clouds
173,Belmonte,BR,-15.8631,-38.8828,82.44,64,100,6.22,overcast clouds
174,Lethem,GY,3.3803,-59.7968,87.85,70,40,13.8,scattered clouds
175,Beruwala,LK,6.4788,79.9828,78.39,87,3,5.99,clear sky
176,Okato,NZ,-39.2,173.8833,55.69,87,21,10.2,few clouds
177,Srednekolymsk,RU,67.45,153.6833,-18.29,100,50,3.51,scattered clouds
178,Megion,RU,61.0296,76.1136,24.82,94,100,11.12,overcast clouds
179,Avarua,CK,-21.2078,-159.775,80.65,89,40,6.91,scattered clouds
180,Cervignano Del Friuli,IT,45.8211,13.3381,54.64,82,0,1.14,clear sky
181,Torbay,CA,47.6666,-52.7314,50.88,70,75,4.0,broken clouds
182,Broken Hill,AU,-31.95,141.4333,60.51,59,0,5.75,clear sky
183,Bethel,US,41.3712,-73.414,30.02,49,100,17.0,overcast clouds
184,Kouroussa,GN,10.65,-9.8833,93.92,27,73,3.22,broken clouds
185,Pachmarhi,IN,22.4667,78.4333,74.75,15,0,3.2,clear sky
186,Talnakh,RU,69.4865,88.3972,-2.42,98,89,8.59,overcast clouds
187,Nicoya,CR,10.1483,-85.452,97.18,27,98,9.17,overcast clouds
188,Isangel,VU,-19.55,169.2667,78.06,86,98,7.67,overcast clouds
189,Porto Walter,BR,-8.2686,-72.7439,79.9,92,87,4.14,overcast clouds
190,Kudahuvadhoo,MV,2.6708,72.8944,82.04,65,0,1.23,clear sky
191,Poli,TZ,-3.3333,36.8,70.07,78,100,3.06,light rain
192,Sayyan,YE,15.1718,44.3244,54.61,30,3,8.23,clear sky
193,Leningradskiy,RU,69.3833,178.4167,-18.36,98,39,3.78,scattered clouds
194,Mar Del Plata,AR,-38.0023,-57.5575,80.62,85,20,17.0,few clouds
195,Yuancheng,CN,36.652,107.7896,47.1,70,100,10.25,overcast clouds
196,Datia,IN,25.6667,78.4667,83.34,11,0,3.53,clear sky
197,Maumere,ID,-8.6199,122.2111,79.25,82,100,4.36,overcast clouds
198,Piacabucu,BR,-10.4056,-36.4344,82.96,62,100,9.6,overcast clouds
199,Atar,MR,20.5169,-13.0499,93.25,14,0,11.5,clear sky
200,Ewa Beach,US,21.3156,-158.0072,76.42,80,0,5.75,clear sky
201,Saldanha,ZA,-33.0117,17.9442,60.85,87,100,12.33,overcast clouds
202,Kayes,ML,14.0,-11.0,100.92,22,41,3.76,scattered clouds
203,Mainpuri,IN,27.2333,79.0167,79.84,10,0,4.18,clear sky
204,Clyde River,CA,70.4692,-68.5914,1.63,85,100,19.57,overcast clouds
205,Cehegin,ES,38.0924,-1.7985,51.31,89,79,3.65,broken clouds
206,Filadelfia,US,39.9523,-75.1638,35.78,35,75,20.71,broken clouds
207,Cherskiy,RU,68.75,161.3,-19.8,100,60,3.18,broken clouds
208,Roald,NO,62.5833,6.1333,40.75,87,75,8.05,broken clouds
209,Byron Bay,AU,-28.65,153.6167,67.95,97,100,9.57,moderate rain
210,Nome,US,64.5011,-165.4064,23.07,74,0,12.66,clear sky
211,Roma,US,43.2128,-75.4557,21.09,66,100,24.16,overcast clouds
212,Iqaluit,CA,63.7506,-68.5145,13.73,85,75,0.0,broken clouds
213,San Quintin,MX,30.4833,-115.95,63.32,69,100,8.84,overcast clouds
214,Alta Floresta,BR,-9.8756,-56.0861,87.62,70,40,3.44,scattered clouds
215,Pirenopolis,BR,-15.8525,-48.9592,86.49,43,81,3.89,broken clouds
216,Itum-Kale,RU,42.7356,45.5758,22.42,82,4,6.6,clear sky
217,Norman Wells,CA,65.282,-126.8329,5.04,72,75,0.0,light snow
218,Margate,GB,51.3813,1.3862,50.31,88,100,1.99,light rain
219,Rawson,AR,-43.3002,-65.1023,74.82,24,0,21.68,clear sky
220,Bruhl,DE,50.8293,6.905,60.82,52,0,5.75,clear sky
221,Cedar City,US,37.6775,-113.0619,59.97,23,20,27.63,few clouds
222,Troitsko-Pechorsk,RU,62.7084,56.1964,8.28,97,100,3.71,overcast clouds
223,Nerekhta,RU,57.4588,40.5747,22.89,96,100,11.7,snow
224,Zigong,CN,29.3416,104.7769,64.69,65,100,3.74,overcast clouds
225,Goya,AR,-29.14,-59.2626,82.67,42,0,8.55,clear sky
226,Padang,ID,-0.9492,100.3543,74.98,71,0,4.76,clear sky
227,Comodoro Rivadavia,AR,-45.8667,-67.5,69.66,21,40,25.32,scattered clouds
228,Celestun,MX,20.8667,-90.4,84.6,48,0,10.47,clear sky
229,Constitucion,CL,-35.3333,-72.4167,64.44,57,0,16.64,clear sky
230,Areosa,PT,41.7178,-8.8571,59.07,79,92,7.34,overcast clouds
231,Maceio,BR,-9.6658,-35.7353,85.44,70,75,14.97,broken clouds
232,Oranjestad,AW,12.524,-70.027,84.15,70,20,21.85,few clouds
233,Kupino,RU,54.3663,77.2981,24.4,97,96,5.93,overcast clouds
234,Mehamn,NO,71.0357,27.8492,28.04,63,100,21.34,light snow
235,Qaanaaq,GL,77.484,-69.3632,8.85,92,100,1.14,overcast clouds
236,Anadyr,RU,64.75,177.4833,-17.9,75,100,2.24,fog
237,Bereda,ES,43.2686,-7.5406,55.15,88,100,2.93,overcast clouds
238,Awbari,LY,26.5921,12.7805,79.16,9,0,6.38,clear sky
239,Kupang,ID,-10.1667,123.5833,77.81,84,100,1.01,overcast clouds
240,Luanda,AO,-8.8368,13.2343,82.4,74,75,13.8,broken clouds
241,Knysna,ZA,-34.0363,23.0471,65.48,90,16,1.21,few clouds
242,Dongsheng,CN,39.8161,109.9776,44.31,41,100,10.09,overcast clouds
243,Gafargaon,BD,24.4333,90.5667,74.3,75,6,7.27,clear sky
244,Mahebourg,MU,-20.4081,57.7,79.09,83,40,1.14,scattered clouds
245,Olafsvik,IS,64.8945,-23.7142,33.31,87,100,17.22,light snow
246,Govindgarh,IN,27.5,76.9833,81.07,11,0,2.15,clear sky
247,Airai,TL,-8.9266,125.4092,59.43,94,72,0.72,broken clouds
248,Half Moon Bay,US,37.4636,-122.4286,63.41,78,0,9.22,haze
249,Cidreira,BR,-30.1811,-50.2056,74.53,61,0,8.61,clear sky
250,Namwala,ZM,-15.7504,26.4384,67.53,93,71,6.31,broken clouds
251,Bac Lieu,VN,9.285,105.7244,81.55,74,68,8.63,broken clouds
252,Toowoomba,AU,-27.55,151.9667,60.26,95,100,1.01,overcast clouds
253,Tinskoy,RU,56.1525,96.9161,14.63,96,100,2.13,overcast clouds
254,The Valley,AI,18.217,-63.0578,84.06,65,20,13.8,few clouds
255,Boromo,BF,11.75,-2.9333,94.93,9,6,6.73,clear sky
256,Ugoofaaru,MV,5.6667,73.0,82.78,70,0,0.49,clear sky
257,Komsomolskiy,UZ,40.4272,71.7189,50.72,76,100,6.91,overcast clouds
258,Provideniya,RU,64.3833,-173.3,7.38,83,11,5.53,few clouds
259,Touros,BR,-5.1989,-35.4608,83.84,69,100,13.04,overcast clouds
260,Shingu,JP,33.7333,135.9833,53.13,64,100,5.44,light rain
261,Kavaratti,IN,10.5669,72.642,84.33,76,0,13.02,clear sky
262,Lompoc,US,34.6391,-120.4579,59.85,82,75,18.41,broken clouds
263,Palmer,US,42.1584,-72.3287,29.48,32,75,21.85,broken clouds
264,Lorengau,PG,-2.0226,147.2712,80.58,82,100,8.99,overcast clouds
265,Pangody,RU,65.85,74.4859,20.3,93,100,16.04,overcast clouds
266,Mwinilunga,ZM,-11.7358,24.4293,64.58,97,100,3.78,light rain
267,Rio Grande,BR,-32.035,-52.0986,87.91,54,5,10.16,clear sky
268,Lixourion,GR,38.2019,20.4314,58.23,64,79,4.81,broken clouds
269,Samana,DO,19.2056,-69.3369,80.82,83,75,4.61,broken clouds
270,Renqiu,CN,38.6989,116.0936,52.43,55,100,13.67,overcast clouds
271,Blagodatnoye,RU,45.3997,42.5867,34.72,63,13,17.16,few clouds
272,Douglas,US,41.3,-96.167,51.75,33,0,19.57,clear sky
273,Rosita,NI,13.9268,-84.4032,89.11,42,89,4.56,overcast clouds
274,Saint Anthony,US,45.0205,-93.218,38.66,27,0,8.05,clear sky
275,Saint-Georges,GD,12.0564,-61.7485,85.68,62,20,20.71,few clouds
276,Kargil,IN,34.5667,76.1,26.13,69,7,3.24,clear sky
277,Chokurdakh,RU,70.6333,147.9167,-15.09,100,78,5.61,broken clouds
278,Konya,TR,38.1667,32.5,41.85,54,100,5.53,overcast clouds
279,Plaster Rock,CA,46.9065,-67.39,32.59,88,100,11.16,light snow
280,Oriximina,BR,-1.7656,-55.8661,78.58,92,100,4.97,overcast clouds
281,Gari,RU,59.4307,62.3497,31.68,97,100,8.66,overcast clouds
282,Mlonggo,ID,-6.5333,110.7,79.68,82,100,4.36,overcast clouds
283,Sola,VU,-13.8833,167.55,82.63,76,100,10.31,overcast clouds
284,Tommot,RU,58.9564,126.2925,16.72,95,100,6.69,light snow
285,Harrison,US,30.4091,-89.0436,80.62,68,40,9.22,scattered clouds
286,Mwense,ZM,-10.3845,28.698,68.02,94,100,4.52,overcast clouds
287,Barcelos,PT,41.5388,-8.6151,66.69,77,96,4.18,light rain
288,Geraldton,AU,-28.7667,114.6,72.01,88,100,11.5,overcast clouds
289,Prince Rupert,CA,54.3161,-130.3201,42.89,81,0,5.75,clear sky
290,Klyuchi,RU,52.2667,79.1667,31.73,98,100,7.4,overcast clouds
291,Tres Picos,MX,15.8667,-93.5333,91.49,39,100,9.1,overcast clouds
292,Abnub,EG,27.2696,31.1511,66.42,14,0,10.04,clear sky
293,Aleksandrov Gay,RU,50.147,48.5704,19.04,84,38,10.63,scattered clouds
294,Carnarvon,AU,-24.8667,113.6333,73.47,88,75,21.85,light rain
295,Caravelas,BR,-17.7125,-39.2481,83.07,66,78,8.43,broken clouds
296,Mingaora,PK,34.7758,72.3625,64.6,33,0,6.98,clear sky
297,Braganca,BR,-1.0536,-46.7656,79.57,92,100,4.92,moderate rain
298,Hobyo,SO,5.3505,48.5268,80.26,69,48,16.31,scattered clouds
299,Bangsund,NO,64.3968,11.3949,34.92,60,75,9.22,broken clouds
300,Wilmington,US,34.2257,-77.9447,60.94,35,0,13.8,clear sky
301,Yenangyaung,MM,20.4667,94.8833,79.61,70,66,3.87,broken clouds
302,Buchanan,LR,5.8808,-10.0467,81.66,81,100,5.35,overcast clouds
303,Kutum,SD,14.2,24.6667,68.02,8,19,14.38,few clouds
304,Martapura,ID,-3.4167,114.85,77.09,94,100,3.44,light rain
305,Wattegama,LK,6.7989,81.4808,75.07,91,23,1.41,few clouds
306,Nyimba,ZM,-14.5566,30.8149,69.22,93,65,6.33,light rain
307,Verkhnyaya Toyma,RU,62.2349,44.9985,6.17,97,100,2.98,overcast clouds
308,Sakaiminato,JP,35.55,133.2333,46.38,57,75,16.11,broken clouds
309,Concepcion,CL,-36.827,-73.0498,63.14,60,0,9.66,clear sky
310,Paamiut,GL,61.994,-49.6678,32.36,69,100,4.27,overcast clouds
311,Mokhsogollokh,RU,61.4681,128.9203,18.97,96,100,2.59,overcast clouds
312,Bonavista,CA,48.6499,-53.1147,37.99,83,10,3.09,clear sky
313,Gizo,SB,-8.103,156.8419,82.63,75,100,6.38,overcast clouds
314,Port Blair,IN,11.6667,92.75,80.64,83,20,2.3,mist
315,Adrar,MR,20.5022,-10.0711,87.42,15,100,6.69,overcast clouds
316,Sorland,NO,67.667,12.6934,31.86,46,100,17.98,overcast clouds
317,Dali,CN,25.7,100.1833,50.47,87,9,4.81,clear sky
318,Turukhansk,RU,65.8167,87.9833,9.39,93,100,8.93,overcast clouds
319,Kenai,US,60.5544,-151.2583,37.02,81,100,18.41,overcast clouds
320,Kamaishi,JP,39.2667,141.8833,35.67,72,95,6.26,overcast clouds
321,Henties Bay,NA,-22.116,14.2845,65.25,76,55,3.49,broken clouds
322,Vardo,NO,70.3705,31.1107,28.51,59,100,22.62,light snow
323,Kodigenahalli,IN,13.72,77.3903,83.89,36,81,8.75,broken clouds
324,Talara,PE,-4.5772,-81.2719,90.36,48,0,12.66,clear sky
325,Calbuco,CL,-41.768,-73.1273,54.41,87,100,15.55,light rain
326,Baykit,RU,61.67,96.37,-4.65,100,57,2.35,broken clouds
327,Necocli,CO,8.4234,-76.786,81.95,78,100,6.42,overcast clouds
328,Mayumba,GA,-3.432,10.6554,76.17,95,100,5.82,heavy intensity rain
329,La Reforma,MX,25.0833,-108.05,81.7,28,3,10.89,clear sky
330,Kiama,AU,-34.6833,150.8667,68.38,94,100,1.99,moderate rain
331,Constantine,DZ,36.365,6.6147,62.01,55,40,3.44,scattered clouds
332,Longyearbyen,SJ,78.2186,15.6401,10.24,67,20,11.5,few clouds
333,Ponta Delgada,PT,37.7333,-25.6667,63.32,72,40,9.22,scattered clouds
334,Martil,MA,35.6166,-5.2752,58.96,88,75,10.36,mist
335,West Helena,US,34.5507,-90.6418,64.08,50,21,7.0,few clouds
336,Vanimo,PG,-2.6741,141.3028,77.02,90,100,6.53,overcast clouds
337,Port Moresby,PG,-9.4431,147.1797,72.82,100,40,11.5,scattered clouds
338,Boffa,GN,10.1667,-14.0333,81.5,60,5,8.19,clear sky
339,Narsaq,GL,60.9167,-46.05,46.62,70,51,3.67,broken clouds
340,Fortuna,US,40.5982,-124.1573,60.91,74,75,4.61,broken clouds
341,San Ramon,US,37.7799,-121.978,61.39,72,0,3.44,clear sky
342,Kaeo,NZ,-35.1,173.7833,57.33,92,15,4.5,few clouds
343,Svetlogorsk,BY,52.6333,29.7333,51.44,57,100,17.83,overcast clouds
344,Taganak,PH,6.0833,118.3,77.14,80,99,9.82,overcast clouds
345,Kribi,CM,2.95,9.9167,81.19,82,97,10.27,overcast clouds
346,Lakhipur,IN,26.0299,90.3041,73.85,49,5,3.8,clear sky
347,Heihe,CN,50.2441,127.4902,32.58,88,100,4.14,overcast clouds
348,Marawi,PH,7.9986,124.2928,67.77,92,95,2.26,overcast clouds
349,Fairbanks,US,64.8378,-147.7164,31.98,51,20,8.05,few clouds
350,Aitape,PG,-3.1374,142.3475,76.64,93,100,8.48,moderate rain
351,Trincomalee,LK,8.5711,81.2335,80.13,84,0,7.56,clear sky
352,Sangar,RU,63.9242,127.4739,8.87,95,100,1.83,overcast clouds
353,Quatre Cocos,MU,-20.2078,57.7625,78.91,74,2,7.07,clear sky
354,Uige,AO,-7.6087,15.0613,66.58,93,66,3.2,broken clouds
355,Lufkin,US,31.3382,-94.7291,81.84,51,40,12.66,scattered clouds
356,Kaduy,RU,59.2,37.15,25.02,97,100,1.72,light snow
357,Campo Verde,BR,-20.4167,-54.0667,84.56,60,39,3.27,scattered clouds
358,Faanui,PF,-16.4833,-151.75,82.17,72,79,13.87,broken clouds
359,Soure,BR,-0.7167,-48.5233,80.08,83,97,7.16,overcast clouds
360,Carbondale,US,37.7273,-89.2168,50.05,37,0,10.36,clear sky
361,Morondava,MG,-20.2833,44.2833,81.28,78,16,6.31,light rain
362,Avera,US,33.194,-82.5271,71.11,26,5,12.01,clear sky
363,Bousso,TD,10.4795,16.7117,86.67,8,96,9.35,overcast clouds
364,La Gomera,GT,14.0833,-91.05,92.91,39,60,14.07,broken clouds
365,Belaya Gora,RU,68.5333,146.4167,-17.1,100,78,1.83,broken clouds
366,Ryazhsk,RU,53.7038,40.1109,37.0,82,100,20.69,overcast clouds
367,Portland,US,45.5234,-122.6762,61.84,75,75,6.91,broken clouds
368,Homer,US,59.6425,-151.5483,40.8,70,40,14.0,scattered clouds
369,Lazaro Cardenas,MX,17.9583,-102.2,84.07,40,6,10.09,clear sky
370,Lesnoye,RU,58.2841,35.5158,33.33,86,99,13.91,light snow
371,Makakilo City,US,21.3469,-158.0858,75.0,80,0,5.75,clear sky
372,Mattru,SL,7.6244,-11.8332,80.49,70,64,4.36,moderate rain
373,Beyneu,KZ,45.3167,55.2,31.98,65,11,24.56,few clouds
374,Deming,US,32.2687,-107.7586,73.29,8,0,13.8,clear sky
375,Mahibadhoo,MV,3.7833,72.9667,81.95,69,0,2.08,clear sky
376,Mayo,US,38.8876,-76.5119,41.22,50,100,24.0,overcast clouds
377,Stara Synyava,UA,49.6032,27.6191,47.89,56,94,13.0,overcast clouds
378,Coahuayana,MX,18.7333,-103.6833,89.28,33,22,7.99,few clouds
379,Marsh Harbour,BS,26.5412,-77.0636,74.01,54,99,7.54,overcast clouds
380,Kibala,TD,9.1104,18.3463,89.55,20,0,0.0,clear sky
381,Lebu,CL,-37.6167,-73.65,61.52,68,44,8.16,scattered clouds
382,Inhambane,MZ,-23.865,35.3833,73.38,83,20,5.01,few clouds
383,Husavik,IS,66.0449,-17.3389,28.49,66,73,6.91,broken clouds
384,Olinda,BR,-8.0089,-34.8553,85.73,70,40,10.36,scattered clouds
385,Noumea,NC,-22.2763,166.4572,75.18,79,88,8.57,overcast clouds
386,Nanortalik,GL,60.1432,-45.2371,34.11,78,53,3.85,broken clouds
387,Gat,IL,31.61,34.7642,67.41,65,0,6.67,clear sky
388,Waingapu,ID,-9.6567,120.2641,77.02,80,100,4.72,overcast clouds
389,Kalabo,ZM,-14.97,22.6814,72.79,76,96,5.59,light rain
390,Sao Filipe,CV,14.8961,-24.4956,71.28,77,100,12.86,overcast clouds
391,Xixiang,CN,35.1628,112.865,51.62,89,62,7.65,broken clouds
392,Clyde,US,41.3042,-82.9752,30.29,44,92,15.39,overcast clouds
393,Northam,GB,51.0333,-4.2167,55.26,79,100,9.93,overcast clouds
394,Aden,YE,12.7794,45.0367,80.94,64,0,7.11,clear sky
395,Maningrida,AU,-12.0667,134.2667,77.43,84,89,3.44,overcast clouds
396,Horsham,GB,51.064,-0.3272,58.05,77,0,5.75,light rain
397,Sabha,LY,27.0377,14.4283,78.04,7,54,7.58,broken clouds
398,Nokaneng,BW,-19.6667,22.2667,78.57,46,61,11.01,broken clouds
399,Katsuura,JP,35.1333,140.3,52.86,65,100,13.49,overcast clouds
400,Ossora,RU,59.2353,163.0719,26.83,98,99,6.64,light snow
401,Mehriz,IR,31.5917,54.4318,55.9,15,0,3.27,clear sky
402,Sabratah,LY,32.7933,12.4885,60.87,74,95,8.93,overcast clouds
403,Krutinka,RU,56.0055,71.5113,23.65,94,100,11.45,overcast clouds
404,West Des Moines,US,41.572,-93.7453,43.9,35,100,25.01,overcast clouds
405,San Carlos Del Zulia,VE,9.0,-71.9135,88.39,58,96,2.33,overcast clouds
406,Hualmay,PE,-11.0964,-77.6139,74.97,74,100,11.52,overcast clouds
407,Mount Isa,AU,-20.7333,139.5,69.57,32,0,8.05,clear sky
408,Milyutinskaya,RU,48.6279,41.6679,33.96,53,32,21.27,scattered clouds
409,Nanakuli,US,21.3906,-158.1547,76.44,78,0,0.0,clear sky
410,Aginskoye,RU,51.1,114.53,13.03,72,2,8.55,clear sky
411,Leh,IN,34.1667,77.5833,25.65,73,4,2.15,clear sky
412,Pathein,MM,16.7833,94.7333,78.22,87,30,8.25,scattered clouds
413,Pisco,PE,-13.7,-76.2167,77.05,61,0,16.11,clear sky
414,Mizdah,LY,31.4451,12.9801,66.33,41,7,9.91,clear sky
415,Nouadhibou,MR,20.931,-17.0347,69.78,78,69,11.5,broken clouds
416,Jasper,US,37.2001,-94.3502,67.01,32,0,14.97,clear sky
417,Berlevag,NO,70.8578,29.0864,24.6,60,100,21.88,light snow
418,Oda,JP,35.1833,132.5,45.3,64,100,6.87,overcast clouds
419,Balkhash,KZ,46.844,74.9804,35.04,82,6,4.05,clear sky
420,Eyrarbakki,IS,63.863,-21.1481,39.25,80,100,10.63,overcast clouds
421,Ulladulla,AU,-35.35,150.4667,67.1,90,100,9.42,light rain
422,Matara,LK,5.9485,80.5353,78.19,87,6,4.18,clear sky
423,Orai,IN,25.9833,79.4667,85.35,8,1,0.76,clear sky
424,Necochea,AR,-38.5473,-58.7368,78.87,42,0,16.46,clear sky
425,Fougamou,GA,-1.2154,10.5838,75.04,97,100,3.11,light rain
426,Eyl,SO,7.9803,49.8164,79.02,74,22,16.15,few clouds
427,Muncie,US,40.1934,-85.3864,36.72,55,20,12.66,few clouds
428,Tiarei,PF,-17.5333,-149.3333,84.22,76,100,16.6,overcast clouds
429,Pidhorodne,UA,48.5753,35.1068,42.4,49,38,20.42,scattered clouds
430,Rocha,UY,-34.4833,-54.3333,81.99,32,0,6.87,clear sky
431,Bassano,CA,50.7834,-112.4685,42.64,50,100,13.42,overcast clouds
432,Bamboo,JM,18.3922,-77.2643,73.56,61,95,14.54,overcast clouds
433,Augusto Correa,BR,-1.0217,-46.635,79.38,91,100,6.31,light rain
434,Ponta Do Sol,PT,32.6667,-17.1,67.06,78,59,5.53,broken clouds
435,Ucluelet,CA,48.9329,-125.5528,50.31,93,55,1.48,broken clouds
436,Kavieng,PG,-2.5744,150.7967,81.34,78,99,5.77,light rain
437,Riverton,US,40.5219,-111.9391,69.53,19,0,21.0,clear sky
438,Aklavik,CA,68.2191,-135.0107,-8.54,96,100,1.9,overcast clouds
439,Asau,RO,46.4333,26.4,49.28,62,0,6.85,clear sky
440,Angoche,MZ,-16.2325,39.9086,78.13,86,21,9.04,few clouds
441,Santa Maria Da Boa Vista,BR,-8.8078,-39.8256,86.94,47,100,11.45,overcast clouds
442,Mount Gambier,AU,-37.8333,140.7667,49.91,100,100,0.0,fog
443,Birao,CF,10.2849,22.7882,80.13,8,5,6.76,clear sky
444,Buraydah,SA,26.326,43.975,66.65,17,9,11.18,clear sky
445,Oistins,BB,13.0667,-59.5333,84.29,65,40,20.71,scattered clouds
446,Nurota,UZ,40.5614,65.6886,50.83,49,0,7.96,clear sky
447,South Venice,US,27.0531,-82.4243,82.98,67,0,12.66,clear sky
448,Souillac,MU,-20.5167,57.5167,79.18,83,40,1.14,scattered clouds
449,Bodden Town,KY,19.2833,-81.25,84.2,58,20,18.41,few clouds
450,Kamenka,RU,51.3223,42.7678,33.21,76,100,21.56,overcast clouds
451,Rabo De Peixe,PT,37.8,-25.5833,62.11,72,40,9.22,scattered clouds
452,Port Augusta,AU,-32.5,137.7667,65.52,72,0,8.95,clear sky
453,Bamako,ML,12.65,-8.0,102.61,10,100,8.05,overcast clouds
454,Zhizdra,RU,53.746,34.7395,44.71,72,99,18.43,overcast clouds
455,Umm Lajj,SA,25.0213,37.2685,73.8,59,99,7.96,overcast clouds
456,Gold Coast,AU,-28.0,153.4333,68.07,98,75,9.22,light intensity shower rain
457,Cottbus,DE,51.7667,14.3333,54.61,77,41,7.58,scattered clouds
458,Abha,SA,18.2164,42.5053,64.22,42,0,5.75,clear sky
459,Atagay,RU,55.1033,99.3875,13.03,94,100,1.54,overcast clouds
460,Almeirim,BR,-1.5233,-52.5817,74.75,98,100,1.79,moderate rain
461,Bandarbeyla,SO,9.4942,50.8122,79.29,74,16,13.89,few clouds
462,Nova Olimpia,BR,-14.7972,-57.2881,88.05,61,99,2.3,overcast clouds
463,Smithers,CA,54.7804,-127.1743,35.92,75,40,2.3,scattered clouds
464,Lasa,IT,46.6166,10.7002,38.55,74,7,1.95,clear sky
465,Bubaque,GW,11.2833,-15.8333,76.75,74,2,23.24,clear sky
466,Batagay-Alyta,RU,67.8006,130.4114,-6.84,85,99,4.21,overcast clouds
467,Asyut,EG,27.181,31.1837,66.38,14,0,9.53,clear sky
468,Praia Da Vitoria,PT,38.7333,-27.0667,64.76,82,20,8.32,few clouds
469,Sattahip,TH,12.6664,100.9007,86.99,84,20,5.75,few clouds
470,Katakwi,UG,1.8911,33.9661,72.54,71,81,1.61,broken clouds
471,Tazovskiy,RU,67.4667,78.7,17.38,92,100,14.2,overcast clouds
472,Nelson Bay,AU,-32.7167,152.15,72.0,96,100,1.54,light rain
473,Mogadishu,SO,2.0371,45.3438,80.65,78,65,20.04,broken clouds
474,San Vicente,AR,-26.6167,-54.1333,86.72,24,0,1.92,clear sky
475,Khasan,RU,42.4308,130.6434,35.74,82,99,2.24,overcast clouds
476,Tuatapere,NZ,-46.1333,167.6833,56.07,94,97,1.99,overcast clouds
477,Ostrovnoy,RU,68.0531,39.5131,22.66,79,100,18.54,light snow
478,Marrakesh,MA,31.6315,-8.0083,68.07,60,75,8.05,broken clouds
479,Sioux Lookout,CA,50.1001,-91.917,19.47,27,20,2.3,few clouds
480,Saint-Augustin,CA,51.226,-58.6502,32.79,100,100,6.46,overcast clouds
481,Aksarka,RU,66.5606,67.7975,26.74,96,100,11.56,light snow
482,Lanzhou,CN,36.0564,103.7922,49.89,41,100,10.76,overcast clouds
483,Nantucket,US,41.2835,-70.0995,35.71,38,75,23.02,broken clouds
484,Prado,BR,-17.3411,-39.2208,82.31,68,54,7.02,broken clouds
485,Miracema Do Tocantins,BR,-9.5618,-48.3967,81.57,86,100,1.54,moderate rain
486,Biograd Na Moru,HR,43.9433,15.4519,54.75,82,7,5.48,clear sky
487,Tadine,NC,-21.55,167.8833,76.24,79,54,10.09,broken clouds
488,Grobina,LV,56.5352,21.1678,42.58,81,0,9.22,clear sky
489,Bitung,ID,1.4451,125.1824,77.85,82,100,2.06,overcast clouds
490,Naze,JP,28.3667,129.4833,63.52,85,100,17.58,light rain
491,Mendeleyevo,RU,56.0333,37.2167,35.38,100,100,8.95,heavy shower snow
492,Tezu,IN,27.9167,96.1667,70.16,54,74,4.18,broken clouds
493,Lagoa,PT,39.05,-27.9833,59.61,76,6,6.96,clear sky
494,Uyar,RU,55.81,94.3153,7.61,95,91,2.08,overcast clouds
495,Ascension,US,30.2169,-90.9001,83.07,54,75,9.22,broken clouds
496,Praxedis Guerrero,MX,31.3667,-106.0167,80.58,6,100,9.93,overcast clouds
497,Asadabad,IR,34.7824,48.1185,42.75,39,0,2.24,clear sky
498,Jitauna,BR,-14.0189,-39.8889,89.85,35,100,7.07,overcast clouds
499,San Martin,AR,-33.081,-68.4681,86.54,16,0,7.0,clear sky
500,College,US,64.8569,-147.8028,31.98,53,75,8.05,broken clouds
501,Villaviciosa,ES,43.4813,-5.4357,60.96,98,100,0.78,overcast clouds
502,Namatanai,PG,-3.6667,152.4333,79.27,82,100,4.07,light rain
503,Aasiaat,GL,68.7098,-52.8699,29.12,82,11,3.29,few clouds
504,Damascus,SY,33.5102,36.2913,50.76,37,0,4.72,clear sky
505,Mabalacat,PH,15.2167,120.55,75.11,83,67,3.42,broken clouds
506,Thanh Hoa,VN,19.8,105.7667,66.97,87,100,0.96,overcast clouds
507,Quelimane,MZ,-17.8786,36.8883,78.75,94,75,2.3,broken clouds
508,Jardim,BR,-21.4803,-56.1381,89.91,50,61,1.48,broken clouds
509,Ojuelos De Jalisco,MX,21.8667,-101.5833,76.08,14,12,10.45,few clouds
510,Walvis Bay,NA,-22.9575,14.5053,64.09,74,44,4.0,scattered clouds
511,Nizhniy Kuranakh,RU,58.8353,125.4869,14.83,96,100,4.12,light snow
512,Roccastrada,IT,43.0099,11.1665,52.95,86,0,2.82,clear sky
513,Ca Mau,VN,9.1769,105.15,79.45,80,81,3.4,broken clouds
514,North Bend,US,43.4065,-124.2243,61.25,93,100,11.5,overcast clouds
515,Ahipara,NZ,-35.1667,173.1667,61.75,87,4,6.58,clear sky
516,Auki,SB,-8.7676,160.7034,78.51,86,100,4.32,overcast clouds
517,Kloulklubed,PW,7.0419,134.2556,82.04,76,80,13.4,broken clouds
518,Goderich,CA,43.7501,-81.7165,22.91,68,100,20.71,overcast clouds
519,Dingle,PH,10.9995,122.6711,77.04,89,100,7.83,overcast clouds
520,Merke,KZ,42.8728,73.1786,43.2,63,4,7.25,clear sky
521,Benjamin Hill,MX,30.1667,-111.1,76.62,14,100,18.88,overcast clouds
522,Santa Vitoria Do Palmar,BR,-33.5189,-53.3681,76.26,45,0,6.85,clear sky
523,Humaita,BR,-7.5061,-63.0208,86.94,70,38,1.45,scattered clouds
524,Kolyshley,RU,52.7005,44.5367,25.59,95,100,21.41,light snow
525,Bellevue,US,47.6104,-122.2007,57.15,85,100,8.05,overcast clouds
526,Ekibastuz,KZ,51.6667,75.3667,24.19,89,100,9.33,light snow
527,Puerto Narino,CO,-3.7703,-70.3831,73.22,99,100,2.51,overcast clouds
528,Ravar,IR,31.2656,56.8055,58.6,15,0,6.96,clear sky
529,Muroto,JP,33.2833,134.15,54.97,63,100,10.96,overcast clouds
530,Vryburg,ZA,-26.9566,24.7284,69.78,42,0,9.33,clear sky
531,Tanout,NE,14.9709,8.8879,76.78,5,1,11.52,clear sky
532,Inongo,CD,-1.95,18.2667,72.01,95,100,10.96,moderate rain
533,Bilibino,RU,68.0546,166.4372,-23.39,97,11,4.94,few clouds
534,Honningsvag,NO,70.9821,25.9704,29.95,80,75,28.77,light snow
535,Lake City,US,30.1897,-82.6393,82.62,47,0,9.22,clear sky
536,Axim,GH,4.8699,-2.2405,80.73,86,99,7.47,light rain
537,Petropavlovsk-Kamchatskiy,RU,53.0452,158.6483,27.19,80,75,6.71,broken clouds
538,Kysyl-Syr,RU,63.8986,122.7617,-6.2,100,100,3.74,overcast clouds
539,Oktyabrskiy,RU,54.4815,53.471,8.76,97,34,6.73,scattered clouds
540,Acajutla,SV,13.5928,-89.8275,86.72,53,53,11.21,broken clouds
541,Taltal,CL,-25.4,-70.4833,68.74,72,25,7.0,scattered clouds
542,Kunming,CN,25.0389,102.7183,57.13,62,0,13.42,clear sky
543,Singkawang,ID,0.9,109.0,76.51,89,88,2.71,overcast clouds
544,Sabla,NG,12.7525,4.7077,85.39,4,4,10.09,clear sky
545,Kytmanovo,RU,53.4593,85.4479,26.82,97,100,3.96,overcast clouds
546,Srandakan,ID,-7.9386,110.2506,76.39,87,100,3.31,light rain
547,Grand-Lahou,CI,5.1367,-5.0242,81.25,86,95,10.78,overcast clouds
548,Bud,US,39.447,-86.1758,43.9,42,83,8.57,broken clouds
549,Monrovia,LR,6.3005,-10.7969,83.97,85,100,5.53,light rain
550,Wukari,NG,7.85,9.7833,85.35,11,42,4.88,scattered clouds
551,Olenegorsk,RU,68.15,33.3,17.04,95,100,5.84,light snow
552,Izumo,JP,35.3667,132.7667,46.35,67,100,7.7,overcast clouds
553,Puerto El Triunfo,SV,13.2833,-88.55,87.58,51,66,12.84,broken clouds
554,Jeremoabo,BR,-10.075,-38.4808,88.47,41,88,13.29,overcast clouds
555,Dunedin,NZ,-45.8742,170.5036,61.81,91,100,3.27,overcast clouds
556,Hudiksvall,SE,61.729,17.1036,27.46,80,100,9.84,light snow
557,Prince George,CA,53.9166,-122.753,47.25,45,0,3.44,clear sky
558,Kargasok,RU,59.0556,80.8572,16.79,97,64,7.0,broken clouds
559,Bangassou,CF,4.7413,22.8184,82.04,19,88,2.15,overcast clouds
560,Sur,OM,22.5667,59.5289,80.89,49,1,4.92,clear sky
561,Camacupa,AO,-12.0167,17.4833,65.35,88,100,3.69,overcast clouds
562,Calvia,ES,39.5657,2.5062,57.67,73,100,7.31,overcast clouds
563,Moussoro,TD,13.6408,16.4901,77.92,5,10,13.11,clear sky
564,Meulaboh,ID,4.1363,96.1285,77.59,84,41,2.93,scattered clouds
565,Butia,BR,-30.1197,-51.9622,84.61,31,0,5.41,clear sky
566,Puerto Del Rosario,ES,28.5004,-13.8627,67.75,77,75,21.85,broken clouds
567,Popondetta,PG,-8.7537,148.2534,72.25,96,100,2.62,moderate rain
568,Sackville,CA,45.9188,-64.3846,45.18,72,100,9.01,light rain
569,Klaksvik,FO,62.2266,-6.589,34.72,89,100,11.05,light snow
570,Qaqortoq,GL,60.7167,-46.0333,35.33,66,89,3.58,overcast clouds
571,Ano Poroia,GR,41.2833,23.0333,51.87,72,100,1.97,overcast clouds
572,Kalawit,PH,8.0667,122.5167,77.52,87,100,7.38,overcast clouds
573,Moyale,KE,3.5167,39.0584,76.96,38,86,7.92,overcast clouds
574,Qasigiannguit,GL,68.8193,-51.1922,35.87,77,9,6.87,clear sky
575,Clarence Town,AU,-32.5833,151.7833,71.85,98,100,2.66,light rain
576,Jiujiang,CN,29.7333,115.9833,56.82,82,1,5.91,clear sky
577,Vao,NC,-22.6667,167.4833,77.34,68,100,13.8,overcast clouds
578,Porto Velho,BR,-8.7619,-63.9039,89.65,51,40,8.05,scattered clouds
579,Vestmannaeyjar,IS,63.4427,-20.2734,38.39,81,100,33.38,overcast clouds
580,Calabozo,VE,8.9242,-67.4293,95.2,31,100,7.63,overcast clouds
581,Riyadh,SA,24.6877,46.7219,66.34,16,0,9.13,clear sky
582,Pacifica,US,37.6138,-122.4869,62.64,76,75,9.22,haze
583,Clarksdale,US,34.2001,-90.5709,67.91,39,20,6.91,few clouds
584,Goryachegorsk,RU,55.4053,88.9154,24.49,93,100,3.18,overcast clouds
585,Belyy Yar,RU,53.6039,91.3903,22.86,71,96,2.24,smoke
586,San Pedro,PH,14.35,121.0167,82.35,78,40,6.91,scattered clouds
587,Leeuwarden,NL,53.2014,5.8086,46.0,92,100,9.22,mist
588,Neiafu,TO,-18.65,-173.9833,81.28,89,75,13.8,broken clouds
589,Itoman,JP,26.1247,127.6694,66.22,96,100,11.5,light rain
590,Marienburg,PL,54.0359,19.0266,45.12,78,5,14.83,clear sky
591,Gedo,ET,9.0167,37.45,60.57,37,89,4.83,overcast clouds
592,Wahpeton,US,46.2652,-96.6059,34.52,55,75,25.32,broken clouds
593,Kaoma,ZM,-14.7833,24.8,66.36,96,100,4.27,light rain
594,Tomatlan,MX,19.9333,-105.25,92.62,21,13,9.69,few clouds
595,Ermoupolis,GR,37.4423,24.9425,60.37,82,98,5.75,overcast clouds
596,Fort Frances,CA,48.5999,-93.4003,29.16,42,27,3.0,scattered clouds
597,Marana,US,32.4367,-111.2254,78.19,13,40,8.05,scattered clouds
598,Bundaberg,AU,-24.85,152.35,66.49,96,2,6.91,clear sky
599,Talakan,RU,50.3167,130.3667,22.6,93,100,3.22,overcast clouds
600,Kuito,AO,-12.3833,16.9333,62.69,87,98,1.88,overcast clouds
601,Ovalle,CL,-30.5983,-71.2003,83.46,28,0,7.23,clear sky
602,Zyryanka,RU,65.75,150.85,-20.24,100,100,1.97,overcast clouds
603,Yangambi,CD,0.8102,24.4336,79.56,59,100,1.68,overcast clouds
604,Swan Hill,AU,-35.3378,143.5544,59.97,75,0,6.53,clear sky
605,Aksu,CN,41.1231,80.2644,54.28,33,100,8.48,overcast clouds
606,North Platte,US,41.1239,-100.7654,58.12,36,0,17.0,clear sky
607,Namie,JP,37.4833,141.0,39.72,80,100,2.73,overcast clouds
608,Jinchang,CN,38.4953,102.1739,43.23,46,100,12.19,overcast clouds
609,Troitskoye,RU,52.9821,84.6757,30.52,99,100,5.3,overcast clouds
610,Tessalit,ML,20.1986,1.0114,88.48,7,98,11.7,overcast clouds
611,Paragominas,BR,-2.9667,-47.4833,80.29,89,90,0.47,overcast clouds
612,Cam Ranh,VN,11.9214,109.1591,78.76,73,20,5.75,few clouds
613,Vezirkopru,TR,41.1436,35.4547,43.29,70,4,0.07,clear sky
614,Vila Velha,BR,-20.3297,-40.2925,85.95,76,0,16.11,clear sky
615,Griffith,US,41.5284,-87.4237,37.13,55,0,16.11,clear sky
616,Manaus,BR,-3.1019,-60.025,77.49,94,100,5.75,moderate rain
617,Gewane,ET,10.1664,40.6453,83.32,19,1,17.0,clear sky
618,Saquarema,BR,-22.92,-42.5103,82.54,85,100,4.38,overcast clouds
619,Spiridonovka,RU,53.0925,50.6462,17.47,90,100,10.02,overcast clouds
620,Tsiroanomandidy,MG,-18.7667,46.0333,69.8,95,100,1.16,light rain
621,Royan,FR,45.6285,-1.0281,61.83,58,100,3.76,overcast clouds
622,Matamoros,MX,25.5333,-103.25,84.81,10,100,1.25,overcast clouds
623,Le Port,RE,-20.9373,55.2919,78.8,74,11,3.44,few clouds
624,Bayan,CN,46.0833,127.4,44.62,31,100,23.31,overcast clouds
625,Havelock,US,34.8791,-76.9013,57.97,38,0,17.27,clear sky
626,Palauig,PH,15.435,119.9045,80.47,72,22,4.81,few clouds
627,Westport,US,41.1415,-73.3579,32.76,43,100,15.01,overcast clouds
628,Faya,SA,18.3851,42.4509,64.51,43,3,4.23,clear sky
629,Kirakira,SB,-10.4544,161.9205,79.77,86,99,4.83,overcast clouds
630,Ambilobe,MG,-13.2,49.05,74.57,94,25,3.47,scattered clouds
631,Phan Thiet,VN,10.9333,108.1,77.47,86,43,6.98,scattered clouds
632,Ourossogui,SN,15.6064,-13.3211,105.8,16,0,9.22,clear sky
633,Jizan,SA,17.3333,42.6667,83.34,53,0,2.91,clear sky
634,Aloja,LV,57.7669,24.8825,37.67,73,44,11.39,scattered clouds
635,Tilichiki,RU,60.4667,166.1,20.89,85,95,33.67,light snow
636,Shenjiamen,CN,29.9576,122.298,50.36,67,100,4.07,overcast clouds
637,Blackwater,AU,-23.5833,148.8833,69.48,54,7,5.41,clear sky
638,Baduria,IN,22.7417,88.7858,82.33,95,45,8.88,scattered clouds
639,Saint-Louis,SN,16.3333,-15.0,94.64,22,100,12.1,overcast clouds
640,Ulverstone,AU,-41.15,146.1667,63.21,90,99,6.04,overcast clouds
641,Guaymas,MX,27.9333,-110.9,83.88,47,67,12.97,broken clouds
642,Honiara,SB,-9.4333,159.95,77.81,89,100,2.75,overcast clouds
643,Nueva Loja,EC,0.0847,-76.8828,82.42,69,75,3.44,broken clouds
644,Valley Station,US,38.1112,-85.8702,49.15,33,75,3.44,broken clouds
645,Lucapa,AO,-8.4192,20.7447,68.76,92,57,1.25,broken clouds
646,Barmer,IN,25.75,71.3833,81.57,23,5,10.8,clear sky
647,Kitgum,UG,3.2783,32.8867,73.2,71,100,2.91,overcast clouds
648,Shache,CN,38.4167,77.2406,57.18,32,69,9.37,broken clouds
649,Turan,VN,16.0678,108.2208,73.38,78,75,2.3,broken clouds
650,Pravda,RU,46.9396,142.009,34.02,73,2,10.71,clear sky
651,Kropotkin,RU,45.4375,40.5756,35.49,69,3,16.28,clear sky
652,Andrelandia,BR,-21.7397,-44.3092,74.7,81,60,2.82,broken clouds
653,Coihaique,CL,-45.5752,-72.0662,47.01,87,100,12.66,light intensity shower rain
654,Puerto Baquerizo Moreno,EC,-0.9,-89.6,81.59,78,75,13.8,broken clouds
655,Yatou,CN,37.15,122.3833,39.47,75,0,8.97,clear sky
656,Yarmouth,US,41.7057,-70.2286,36.61,47,100,5.01,overcast clouds
657,Jalingo,NG,8.8833,11.3667,84.69,11,44,4.52,scattered clouds
658,Broome,US,42.2506,-75.833,22.66,54,100,7.0,overcast clouds
659,Labuhan,ID,-6.8844,112.2051,76.51,90,99,7.7,overcast clouds
660,Kolobrzeg,PL,54.1757,15.5834,45.97,75,7,19.93,clear sky
661,Valley City,US,46.9233,-98.0032,37.92,44,0,24.16,clear sky
662,Paita,PE,-5.0892,-81.1144,76.06,74,99,7.72,overcast clouds
663,Banjarmasin,ID,-3.3244,114.591,77.14,88,82,1.97,moderate rain
664,Xining,CN,36.6167,101.7667,40.95,33,100,4.97,overcast clouds
665,Ahuimanu,US,21.4447,-157.8378,76.19,80,50,7.81,light rain
666,Macomer,IT,40.262,8.7699,47.01,73,100,2.57,overcast clouds
667,Coruripe,BR,-10.1256,-36.1756,82.74,65,90,10.96,overcast clouds
668,Porto Novo,BJ,6.4965,2.6036,85.82,80,68,13.15,broken clouds
669,Taksimo,RU,56.3444,114.8794,7.23,87,82,5.86,broken clouds
670,Turbat,PK,26.0023,63.044,81.37,23,0,2.62,clear sky
671,Launceston,AU,-41.45,147.1667,58.33,88,40,11.5,scattered clouds
672,Rassvet,RU,46.8333,40.75,35.83,52,5,31.32,clear sky
673,Havre-Saint-Pierre,CA,50.2334,-63.5986,32.36,93,100,4.61,overcast clouds
674,Dongtai,CN,32.8523,120.3095,39.04,79,0,7.81,clear sky
675,Bougouni,ML,11.417,-7.479,95.18,20,95,2.21,overcast clouds
676,Awjilah,LY,29.1081,21.2869,69.94,13,42,10.54,scattered clouds
677,Borovskoy,KZ,53.8,64.15,30.49,97,100,9.48,overcast clouds
678,Bata,GQ,1.8639,9.7658,80.46,89,20,2.3,few clouds
679,Whitecourt,CA,54.1502,-115.6855,38.44,87,100,2.3,overcast clouds
680,La Plata,AR,-34.9215,-57.9545,84.04,42,0,8.55,clear sky
681,Abonnema,NG,4.7084,6.7931,83.17,72,62,12.1,broken clouds
682,Pangnirtung,CA,66.1451,-65.7125,10.4,92,0,3.44,clear sky
683,Alyangula,AU,-13.8483,136.4192,69.67,94,57,0.0,broken clouds
684,Sorong,ID,-0.8833,131.25,80.85,80,92,6.82,overcast clouds
685,Ninghai,CN,29.2892,121.4247,47.53,91,100,1.39,overcast clouds
686,Fukue,JP,32.6881,128.8419,55.83,68,100,9.55,overcast clouds
687,Itarema,BR,-2.9248,-39.9167,74.19,94,100,11.36,overcast clouds
688,Toora-Khem,RU,52.4675,96.11,3.06,99,50,1.39,scattered clouds
689,Bathsheba,BB,13.2167,-59.5167,84.81,65,40,20.71,scattered clouds
690,Sabaudia,IT,41.3003,13.0282,60.93,78,8,8.79,clear sky
691,Forssa,FI,60.8146,23.6215,30.4,81,19,8.99,few clouds
692,Guiong,PH,6.4186,122.0258,78.82,84,100,3.78,overcast clouds
693,Manaure,CO,11.7751,-72.4445,86.85,55,100,18.39,overcast clouds
694,Inirida,CO,3.8653,-67.9239,73.92,98,100,3.0,overcast clouds
695,Yulara,AU,-25.2406,130.9889,71.44,23,35,8.05,scattered clouds
696,Miloslavskoye,RU,53.5815,39.4399,37.02,81,100,22.55,overcast clouds
697,Omboue,GA,-1.5746,9.2618,77.95,87,100,6.91,light rain
698,Huarmey,PE,-10.0681,-78.1522,76.53,72,35,12.35,scattered clouds
699,Kodinsk,RU,58.6881,99.1844,-2.06,100,69,0.83,broken clouds
700,Sisimiut,GL,66.9395,-53.6735,31.01,81,6,3.04,clear sky
701,Teya,RU,60.3778,92.6267,-5.87,100,100,3.22,overcast clouds
702,Antofagasta,CL,-23.65,-70.4,69.22,64,37,10.31,scattered clouds
703,Poum,NC,-20.2333,164.0167,80.67,80,100,19.39,overcast clouds
704,Udachnyy,RU,66.4167,112.4,-3.91,100,100,7.83,overcast clouds
705,Waidhofen,DE,48.5833,11.3333,57.72,41,40,2.3,scattered clouds
706,Mezhdurechensk,RU,53.6942,88.0603,31.8,97,100,3.83,overcast clouds
707,Kunnamkulam,IN,10.65,76.0833,80.49,85,4,3.51,clear sky
708,Westerland,DE,54.9079,8.3033,44.62,81,100,16.11,overcast clouds
709,Aksarayskiy,RU,46.7924,48.0119,31.19,42,7,11.68,clear sky
710,Freeport,US,40.6576,-73.5832,34.02,32,100,15.99,overcast clouds
711,San Jeronimo,PE,-11.9472,-75.2829,57.25,73,100,7.34,overcast clouds
712,Acapulco,MX,16.8634,-99.8901,86.95,34,0,9.44,clear sky
713,Pirovskoye,RU,57.6267,92.2658,6.75,97,72,3.87,broken clouds
714,Lagos,NG,6.5833,3.75,86.32,82,13,7.85,few clouds
715,Akureyri,IS,65.6835,-18.0878,28.33,64,75,9.22,broken clouds
